<?xml version="1.0" encoding="UTF-8"?>
<project-private xmlns="http://www.netbeans.org/ns/project-private/1">
    <editor-bookmarks xmlns="http://www.netbeans.org/ns/editor-bookmarks/2" lastBookmarkId="0"/>
    <open-files xmlns="http://www.netbeans.org/ns/projectui-open-files/2">
        <group>
            <file>file:/C:/Users/anahi/Documents/NetBeansProjects/PrimerExamen/src/primerexamen/TestEspacial.java</file>
            <file>file:/C:/Users/anahi/Documents/NetBeansProjects/PrimerExamen/src/primerexamen/AgenciaEspacial.java</file>
            <file>file:/C:/Users/anahi/Documents/NetBeansProjects/PrimerExamen/src/primerexamen/CruceroEstelar.java</file>
            <file>file:/C:/Users/anahi/Documents/NetBeansProjects/PrimerExamen/src/primerexamen/Carguero.java</file>
            <file>file:/C:/Users/anahi/Documents/NetBeansProjects/PrimerExamen/src/primerexamen/NaveExploracion.java</file>
            <file>file:/C:/Users/anahi/Documents/NetBeansProjects/PrimerExamen/src/primerexamen/Explorable.java</file>
        </group>
    </open-files>
</project-private>
